<?xml version="1.0" encoding="UTF-8"?>
<project-private xmlns="http://www.netbeans.org/ns/project-private/1">
    <editor-bookmarks xmlns="http://www.netbeans.org/ns/editor-bookmarks/2" lastBookmarkId="0"/>
    <open-files xmlns="http://www.netbeans.org/ns/projectui-open-files/2">
        <group>
            <file>file:/C:/Users/Sayel/Dropbox/PC/Documents/Result%20Management/src/All_arts.java</file>
            <file>file:/C:/Users/Sayel/Dropbox/PC/Documents/Result%20Management/src/Science_Student.java</file>
            <file>file:/C:/Users/Sayel/Dropbox/PC/Documents/Result%20Management/src/Search.java</file>
            <file>file:/C:/Users/Sayel/Dropbox/PC/Documents/Result%20Management/src/all_commerce.java</file>
            <file>file:/C:/Users/Sayel/Dropbox/PC/Documents/Result%20Management/src/Commerce_Student.java</file>
            <file>file:/C:/Users/Sayel/Dropbox/PC/Documents/Result%20Management/src/Arts_Student.java</file>
            <file>file:/C:/Users/Sayel/Dropbox/PC/Documents/Result%20Management/src/All_std.java</file>
            <file>file:/C:/Users/Sayel/Dropbox/PC/Documents/Result%20Management/src/Admin_index.java</file>
            <file>file:/C:/Users/Sayel/Dropbox/PC/Documents/Result%20Management/src/Index.java</file>
            <file>file:/C:/Users/Sayel/Dropbox/PC/Documents/Result%20Management/src/All_science.java</file>
        </group>
    </open-files>
</project-private>
